{
    "0": 0.01461103092879057,
    "1": 0.01654212921857834,
    "2": 0.017824502661824226,
    "3": 0.01756119914352894,
    "4": 0.017597174271941185,
    "5": 0.01749282144010067,
    "6": 0.01761181280016899,
    "7": 0.017539797350764275,
    "8": 0.01743311993777752,
    "9": 0.017290888354182243,
    "10": 0.017477693036198616,
    "11": 0.017764152958989143,
    "12": 0.017567148432135582,
    "13": 0.01765330322086811,
    "14": 0.017722677439451218,
    "15": 0.017748435959219933,
    "16": 0.01792261376976967,
    "17": 0.01791066862642765,
    "18": 0.017856093123555183,
    "19": 0.01795102469623089,
    "20": 0.018145086243748665,
    "21": 0.01804574579000473,
    "22": 0.01816340535879135,
    "23": 0.018138432875275612,
    "24": 0.01825563982129097,
    "25": 0.018436100333929062,
    "26": 0.018535420298576355,
    "27": 0.018609320744872093,
    "28": 0.018535258248448372,
    "29": 0.018647482618689537,
    "30": 0.018619460985064507,
    "31": 0.018705766648054123
}