{
    "0": 278.9278869628906,
    "1": 1537.4918212890625,
    "2": 10319.986328125,
    "3": 505.1446838378906,
    "4": 633.3137817382812,
    "5": 677.8006591796875,
    "6": 687.4088745117188,
    "7": 806.1181030273438,
    "8": 907.0012817382812,
    "9": 922.118896484375,
    "10": 1150.6800537109375,
    "11": 1111.157958984375,
    "12": 1278.4998779296875,
    "13": 1064.942138671875,
    "14": 906.9503173828125,
    "15": 829.887939453125,
    "16": 813.708740234375,
    "17": 662.8854370117188,
    "18": 499.3265380859375,
    "19": 425.732177734375,
    "20": 342.2218017578125,
    "21": 314.36492919921875,
    "22": 270.3114318847656,
    "23": 393.69415283203125,
    "24": 287.1642150878906,
    "25": 262.34912109375,
    "26": 192.72348022460938,
    "27": 239.73509216308594,
    "28": 194.37757873535156,
    "29": 231.89222717285156,
    "30": 768.1707153320312,
    "31": 2523.4892578125
}