{
    "0": 1141.5128173828125,
    "1": 45467.12109375,
    "2": 1877.2027587890625,
    "3": 1707.972412109375,
    "4": 2266.5185546875,
    "5": 2112.5009765625,
    "6": 2199.00927734375,
    "7": 2229.8515625,
    "8": 2501.169677734375,
    "9": 2720.47412109375,
    "10": 2931.875244140625,
    "11": 2714.031982421875,
    "12": 2763.435791015625,
    "13": 2585.24267578125,
    "14": 3269.6904296875,
    "15": 3322.825439453125,
    "16": 2937.868896484375,
    "17": 2804.90576171875,
    "18": 2685.56201171875,
    "19": 2150.341552734375,
    "20": 2048.791015625,
    "21": 1685.4573974609375,
    "22": 1705.27001953125,
    "23": 1912.506591796875,
    "24": 1426.4559326171875,
    "25": 1254.81103515625,
    "26": 1283.638427734375,
    "27": 1124.34423828125,
    "28": 1357.8671875,
    "29": 4269.11669921875,
    "30": 4267.361328125,
    "31": 11910.8525390625
}