{
    "0": 1070.787353515625,
    "1": 5844.6220703125,
    "2": 42871.4921875,
    "3": 1847.5740966796875,
    "4": 2271.5458984375,
    "5": 2573.994873046875,
    "6": 2534.06591796875,
    "7": 2734.626953125,
    "8": 2963.2861328125,
    "9": 2905.477783203125,
    "10": 3219.5166015625,
    "11": 3313.11572265625,
    "12": 3890.552734375,
    "13": 3264.30712890625,
    "14": 3032.447265625,
    "15": 3754.284423828125,
    "16": 3277.51123046875,
    "17": 3237.0693359375,
    "18": 2341.85498046875,
    "19": 2354.072509765625,
    "20": 2359.810546875,
    "21": 1948.1561279296875,
    "22": 1828.954345703125,
    "23": 1814.665283203125,
    "24": 1593.5233154296875,
    "25": 1560.3760986328125,
    "26": 1593.130615234375,
    "27": 1429.5601806640625,
    "28": 2397.10791015625,
    "29": 1515.9541015625,
    "30": 2772.2001953125,
    "31": 6811.8310546875
}