{
    "0": 49787.4296875,
    "1": 235468.609375,
    "2": 21089.765625,
    "3": 17725.56640625,
    "4": 16116.576171875,
    "5": 17428.82421875,
    "6": 18350.5703125,
    "7": 19210.0703125,
    "8": 19826.72265625,
    "9": 19186.955078125,
    "10": 18193.6171875,
    "11": 18610.001953125,
    "12": 18007.96875,
    "13": 21440.19140625,
    "14": 20899.333984375,
    "15": 23068.978515625,
    "16": 18912.357421875,
    "17": 17707.33203125,
    "18": 13943.498046875,
    "19": 11854.21484375,
    "20": 11260.04296875,
    "21": 12907.8359375,
    "22": 9820.142578125,
    "23": 8888.0087890625,
    "24": 10479.2919921875,
    "25": 5637.3251953125,
    "26": 6297.681640625,
    "27": 6383.6826171875,
    "28": 7933.6455078125,
    "29": 8432.3330078125,
    "30": 20200.65625,
    "31": 142958.171875
}